--
-- PostgreSQL database dump
--

-- Dumped from database version 16.1
-- Dumped by pg_dump version 16.1

SET statement_timeout = 0;
SET lock_timeout = 0;
SET idle_in_transaction_session_timeout = 0;
SET client_encoding = 'UTF8';
SET standard_conforming_strings = on;
SELECT pg_catalog.set_config('search_path', '', false);
SET check_function_bodies = false;
SET xmloption = content;
SET client_min_messages = warning;
SET row_security = off;

DROP DATABASE courses;
--
-- Name: courses; Type: DATABASE; Schema: -; Owner: postgres
--

CREATE DATABASE courses WITH TEMPLATE = template0 ENCODING = 'UTF8' LOCALE_PROVIDER = libc LOCALE = 'ru_RU.UTF-8';


ALTER DATABASE courses OWNER TO postgres;

\connect courses

SET statement_timeout = 0;
SET lock_timeout = 0;
SET idle_in_transaction_session_timeout = 0;
SET client_encoding = 'UTF8';
SET standard_conforming_strings = on;
SELECT pg_catalog.set_config('search_path', '', false);
SET check_function_bodies = false;
SET xmloption = content;
SET client_min_messages = warning;
SET row_security = off;

SET default_tablespace = '';

SET default_table_access_method = heap;

--
-- Name: auth_group; Type: TABLE; Schema: public; Owner: postgres
--

CREATE TABLE public.auth_group (
    id integer NOT NULL,
    name character varying(150) NOT NULL
);


ALTER TABLE public.auth_group OWNER TO postgres;

--
-- Name: auth_group_id_seq; Type: SEQUENCE; Schema: public; Owner: postgres
--

ALTER TABLE public.auth_group ALTER COLUMN id ADD GENERATED BY DEFAULT AS IDENTITY (
    SEQUENCE NAME public.auth_group_id_seq
    START WITH 1
    INCREMENT BY 1
    NO MINVALUE
    NO MAXVALUE
    CACHE 1
);


--
-- Name: auth_group_permissions; Type: TABLE; Schema: public; Owner: postgres
--

CREATE TABLE public.auth_group_permissions (
    id bigint NOT NULL,
    group_id integer NOT NULL,
    permission_id integer NOT NULL
);


ALTER TABLE public.auth_group_permissions OWNER TO postgres;

--
-- Name: auth_group_permissions_id_seq; Type: SEQUENCE; Schema: public; Owner: postgres
--

ALTER TABLE public.auth_group_permissions ALTER COLUMN id ADD GENERATED BY DEFAULT AS IDENTITY (
    SEQUENCE NAME public.auth_group_permissions_id_seq
    START WITH 1
    INCREMENT BY 1
    NO MINVALUE
    NO MAXVALUE
    CACHE 1
);


--
-- Name: auth_permission; Type: TABLE; Schema: public; Owner: postgres
--

CREATE TABLE public.auth_permission (
    id integer NOT NULL,
    name character varying(255) NOT NULL,
    content_type_id integer NOT NULL,
    codename character varying(100) NOT NULL
);


ALTER TABLE public.auth_permission OWNER TO postgres;

--
-- Name: auth_permission_id_seq; Type: SEQUENCE; Schema: public; Owner: postgres
--

ALTER TABLE public.auth_permission ALTER COLUMN id ADD GENERATED BY DEFAULT AS IDENTITY (
    SEQUENCE NAME public.auth_permission_id_seq
    START WITH 1
    INCREMENT BY 1
    NO MINVALUE
    NO MAXVALUE
    CACHE 1
);


--
-- Name: courses_course; Type: TABLE; Schema: public; Owner: postgres
--

CREATE TABLE public.courses_course (
    id bigint NOT NULL,
    name character varying(64) NOT NULL,
    preview character varying(100),
    description text,
    author_id bigint
);


ALTER TABLE public.courses_course OWNER TO postgres;

--
-- Name: courses_course_id_seq; Type: SEQUENCE; Schema: public; Owner: postgres
--

ALTER TABLE public.courses_course ALTER COLUMN id ADD GENERATED BY DEFAULT AS IDENTITY (
    SEQUENCE NAME public.courses_course_id_seq
    START WITH 1
    INCREMENT BY 1
    NO MINVALUE
    NO MAXVALUE
    CACHE 1
);


--
-- Name: courses_lesson; Type: TABLE; Schema: public; Owner: postgres
--

CREATE TABLE public.courses_lesson (
    id bigint NOT NULL,
    name character varying(64) NOT NULL,
    description text,
    preview character varying(100),
    video_link character varying(200),
    course_id bigint NOT NULL,
    author_id bigint
);


ALTER TABLE public.courses_lesson OWNER TO postgres;

--
-- Name: courses_lesson_id_seq; Type: SEQUENCE; Schema: public; Owner: postgres
--

ALTER TABLE public.courses_lesson ALTER COLUMN id ADD GENERATED BY DEFAULT AS IDENTITY (
    SEQUENCE NAME public.courses_lesson_id_seq
    START WITH 1
    INCREMENT BY 1
    NO MINVALUE
    NO MAXVALUE
    CACHE 1
);


--
-- Name: django_admin_log; Type: TABLE; Schema: public; Owner: postgres
--

CREATE TABLE public.django_admin_log (
    id integer NOT NULL,
    action_time timestamp with time zone NOT NULL,
    object_id text,
    object_repr character varying(200) NOT NULL,
    action_flag smallint NOT NULL,
    change_message text NOT NULL,
    content_type_id integer,
    user_id bigint NOT NULL,
    CONSTRAINT django_admin_log_action_flag_check CHECK ((action_flag >= 0))
);


ALTER TABLE public.django_admin_log OWNER TO postgres;

--
-- Name: django_admin_log_id_seq; Type: SEQUENCE; Schema: public; Owner: postgres
--

ALTER TABLE public.django_admin_log ALTER COLUMN id ADD GENERATED BY DEFAULT AS IDENTITY (
    SEQUENCE NAME public.django_admin_log_id_seq
    START WITH 1
    INCREMENT BY 1
    NO MINVALUE
    NO MAXVALUE
    CACHE 1
);


--
-- Name: django_content_type; Type: TABLE; Schema: public; Owner: postgres
--

CREATE TABLE public.django_content_type (
    id integer NOT NULL,
    app_label character varying(100) NOT NULL,
    model character varying(100) NOT NULL
);


ALTER TABLE public.django_content_type OWNER TO postgres;

--
-- Name: django_content_type_id_seq; Type: SEQUENCE; Schema: public; Owner: postgres
--

ALTER TABLE public.django_content_type ALTER COLUMN id ADD GENERATED BY DEFAULT AS IDENTITY (
    SEQUENCE NAME public.django_content_type_id_seq
    START WITH 1
    INCREMENT BY 1
    NO MINVALUE
    NO MAXVALUE
    CACHE 1
);


--
-- Name: django_migrations; Type: TABLE; Schema: public; Owner: postgres
--

CREATE TABLE public.django_migrations (
    id bigint NOT NULL,
    app character varying(255) NOT NULL,
    name character varying(255) NOT NULL,
    applied timestamp with time zone NOT NULL
);


ALTER TABLE public.django_migrations OWNER TO postgres;

--
-- Name: django_migrations_id_seq; Type: SEQUENCE; Schema: public; Owner: postgres
--

ALTER TABLE public.django_migrations ALTER COLUMN id ADD GENERATED BY DEFAULT AS IDENTITY (
    SEQUENCE NAME public.django_migrations_id_seq
    START WITH 1
    INCREMENT BY 1
    NO MINVALUE
    NO MAXVALUE
    CACHE 1
);


--
-- Name: django_session; Type: TABLE; Schema: public; Owner: postgres
--

CREATE TABLE public.django_session (
    session_key character varying(40) NOT NULL,
    session_data text NOT NULL,
    expire_date timestamp with time zone NOT NULL
);


ALTER TABLE public.django_session OWNER TO postgres;

--
-- Name: payment_payment; Type: TABLE; Schema: public; Owner: postgres
--

CREATE TABLE public.payment_payment (
    id bigint NOT NULL,
    date date NOT NULL,
    object_id integer NOT NULL,
    amount numeric(8,2) NOT NULL,
    type character varying NOT NULL,
    content_type_id integer NOT NULL,
    polymorphic_ctype_id integer,
    user_id bigint NOT NULL,
    is_confirmed boolean NOT NULL,
    CONSTRAINT payment_payment_object_id_check CHECK ((object_id >= 0))
);


ALTER TABLE public.payment_payment OWNER TO postgres;

--
-- Name: payment_payment_id_seq; Type: SEQUENCE; Schema: public; Owner: postgres
--

ALTER TABLE public.payment_payment ALTER COLUMN id ADD GENERATED BY DEFAULT AS IDENTITY (
    SEQUENCE NAME public.payment_payment_id_seq
    START WITH 1
    INCREMENT BY 1
    NO MINVALUE
    NO MAXVALUE
    CACHE 1
);


--
-- Name: subscription_coursesubscription; Type: TABLE; Schema: public; Owner: postgres
--

CREATE TABLE public.subscription_coursesubscription (
    id bigint NOT NULL,
    is_active boolean NOT NULL,
    active_since date,
    course_id bigint NOT NULL,
    user_id bigint NOT NULL
);


ALTER TABLE public.subscription_coursesubscription OWNER TO postgres;

--
-- Name: subscription_coursesubscription_id_seq; Type: SEQUENCE; Schema: public; Owner: postgres
--

ALTER TABLE public.subscription_coursesubscription ALTER COLUMN id ADD GENERATED BY DEFAULT AS IDENTITY (
    SEQUENCE NAME public.subscription_coursesubscription_id_seq
    START WITH 1
    INCREMENT BY 1
    NO MINVALUE
    NO MAXVALUE
    CACHE 1
);


--
-- Name: users_user; Type: TABLE; Schema: public; Owner: postgres
--

CREATE TABLE public.users_user (
    id bigint NOT NULL,
    password character varying(128) NOT NULL,
    last_login timestamp with time zone,
    is_superuser boolean NOT NULL,
    first_name character varying(150) NOT NULL,
    last_name character varying(150) NOT NULL,
    is_staff boolean NOT NULL,
    is_active boolean NOT NULL,
    date_joined timestamp with time zone NOT NULL,
    email character varying(254) NOT NULL,
    phone_number character varying(128),
    city character varying(64) NOT NULL,
    avatar character varying(100)
);


ALTER TABLE public.users_user OWNER TO postgres;

--
-- Name: users_user_groups; Type: TABLE; Schema: public; Owner: postgres
--

CREATE TABLE public.users_user_groups (
    id bigint NOT NULL,
    user_id bigint NOT NULL,
    group_id integer NOT NULL
);


ALTER TABLE public.users_user_groups OWNER TO postgres;

--
-- Name: users_user_groups_id_seq; Type: SEQUENCE; Schema: public; Owner: postgres
--

ALTER TABLE public.users_user_groups ALTER COLUMN id ADD GENERATED BY DEFAULT AS IDENTITY (
    SEQUENCE NAME public.users_user_groups_id_seq
    START WITH 1
    INCREMENT BY 1
    NO MINVALUE
    NO MAXVALUE
    CACHE 1
);


--
-- Name: users_user_id_seq; Type: SEQUENCE; Schema: public; Owner: postgres
--

ALTER TABLE public.users_user ALTER COLUMN id ADD GENERATED BY DEFAULT AS IDENTITY (
    SEQUENCE NAME public.users_user_id_seq
    START WITH 1
    INCREMENT BY 1
    NO MINVALUE
    NO MAXVALUE
    CACHE 1
);


--
-- Name: users_user_user_permissions; Type: TABLE; Schema: public; Owner: postgres
--

CREATE TABLE public.users_user_user_permissions (
    id bigint NOT NULL,
    user_id bigint NOT NULL,
    permission_id integer NOT NULL
);


ALTER TABLE public.users_user_user_permissions OWNER TO postgres;

--
-- Name: users_user_user_permissions_id_seq; Type: SEQUENCE; Schema: public; Owner: postgres
--

ALTER TABLE public.users_user_user_permissions ALTER COLUMN id ADD GENERATED BY DEFAULT AS IDENTITY (
    SEQUENCE NAME public.users_user_user_permissions_id_seq
    START WITH 1
    INCREMENT BY 1
    NO MINVALUE
    NO MAXVALUE
    CACHE 1
);


--
-- Data for Name: auth_group; Type: TABLE DATA; Schema: public; Owner: postgres
--

INSERT INTO public.auth_group VALUES (1, 'managers');


--
-- Data for Name: auth_group_permissions; Type: TABLE DATA; Schema: public; Owner: postgres
--

INSERT INTO public.auth_group_permissions VALUES (1, 1, 32);
INSERT INTO public.auth_group_permissions VALUES (2, 1, 12);
INSERT INTO public.auth_group_permissions VALUES (3, 1, 24);
INSERT INTO public.auth_group_permissions VALUES (4, 1, 26);
INSERT INTO public.auth_group_permissions VALUES (5, 1, 28);
INSERT INTO public.auth_group_permissions VALUES (6, 1, 30);


--
-- Data for Name: auth_permission; Type: TABLE DATA; Schema: public; Owner: postgres
--

INSERT INTO public.auth_permission VALUES (1, 'Can add log entry', 1, 'add_logentry');
INSERT INTO public.auth_permission VALUES (2, 'Can change log entry', 1, 'change_logentry');
INSERT INTO public.auth_permission VALUES (3, 'Can delete log entry', 1, 'delete_logentry');
INSERT INTO public.auth_permission VALUES (4, 'Can view log entry', 1, 'view_logentry');
INSERT INTO public.auth_permission VALUES (5, 'Can add permission', 2, 'add_permission');
INSERT INTO public.auth_permission VALUES (6, 'Can change permission', 2, 'change_permission');
INSERT INTO public.auth_permission VALUES (7, 'Can delete permission', 2, 'delete_permission');
INSERT INTO public.auth_permission VALUES (8, 'Can view permission', 2, 'view_permission');
INSERT INTO public.auth_permission VALUES (9, 'Can add group', 3, 'add_group');
INSERT INTO public.auth_permission VALUES (10, 'Can change group', 3, 'change_group');
INSERT INTO public.auth_permission VALUES (11, 'Can delete group', 3, 'delete_group');
INSERT INTO public.auth_permission VALUES (12, 'Can view group', 3, 'view_group');
INSERT INTO public.auth_permission VALUES (13, 'Can add content type', 4, 'add_contenttype');
INSERT INTO public.auth_permission VALUES (14, 'Can change content type', 4, 'change_contenttype');
INSERT INTO public.auth_permission VALUES (15, 'Can delete content type', 4, 'delete_contenttype');
INSERT INTO public.auth_permission VALUES (16, 'Can view content type', 4, 'view_contenttype');
INSERT INTO public.auth_permission VALUES (17, 'Can add session', 5, 'add_session');
INSERT INTO public.auth_permission VALUES (18, 'Can change session', 5, 'change_session');
INSERT INTO public.auth_permission VALUES (19, 'Can delete session', 5, 'delete_session');
INSERT INTO public.auth_permission VALUES (20, 'Can view session', 5, 'view_session');
INSERT INTO public.auth_permission VALUES (21, 'Can add user', 6, 'add_user');
INSERT INTO public.auth_permission VALUES (22, 'Can change user', 6, 'change_user');
INSERT INTO public.auth_permission VALUES (23, 'Can delete user', 6, 'delete_user');
INSERT INTO public.auth_permission VALUES (24, 'Can view user', 6, 'view_user');
INSERT INTO public.auth_permission VALUES (25, 'Can add Курс', 7, 'add_course');
INSERT INTO public.auth_permission VALUES (26, 'Can change Курс', 7, 'change_course');
INSERT INTO public.auth_permission VALUES (27, 'Can delete Курс', 7, 'delete_course');
INSERT INTO public.auth_permission VALUES (28, 'Can view Курс', 7, 'view_course');
INSERT INTO public.auth_permission VALUES (29, 'Can add Урок', 8, 'add_lesson');
INSERT INTO public.auth_permission VALUES (30, 'Can change Урок', 8, 'change_lesson');
INSERT INTO public.auth_permission VALUES (31, 'Can delete Урок', 8, 'delete_lesson');
INSERT INTO public.auth_permission VALUES (32, 'Can view Урок', 8, 'view_lesson');
INSERT INTO public.auth_permission VALUES (33, 'Can add payment', 9, 'add_payment');
INSERT INTO public.auth_permission VALUES (34, 'Can change payment', 9, 'change_payment');
INSERT INTO public.auth_permission VALUES (35, 'Can delete payment', 9, 'delete_payment');
INSERT INTO public.auth_permission VALUES (36, 'Can view payment', 9, 'view_payment');
INSERT INTO public.auth_permission VALUES (37, 'Can add Подписка на курс', 10, 'add_coursesubscription');
INSERT INTO public.auth_permission VALUES (38, 'Can change Подписка на курс', 10, 'change_coursesubscription');
INSERT INTO public.auth_permission VALUES (39, 'Can delete Подписка на курс', 10, 'delete_coursesubscription');
INSERT INTO public.auth_permission VALUES (40, 'Can view Подписка на курс', 10, 'view_coursesubscription');


--
-- Data for Name: courses_course; Type: TABLE DATA; Schema: public; Owner: postgres
--

INSERT INTO public.courses_course VALUES (1, 'Новое имя курса', 'courses/previews/Снимок_экрана_от_2024-02-15_20-13-14.png', 'Описание 1', 1);
INSERT INTO public.courses_course VALUES (2, 'Курс 2', 'courses/previews/Снимок_экрана_от_2024-02-14_15-21-56.png', 'Описание 2', 1);
INSERT INTO public.courses_course VALUES (3, 'Python-разработчик', '', 'Описание курса для пайтон-разработчиков', NULL);
INSERT INTO public.courses_course VALUES (4, 'Java-разработчик', '', 'Новый курс для Java-разработчиков', 3);
INSERT INTO public.courses_course VALUES (5, 'Java-разработчик', '', 'Новый курс для Java-разработчиков', 4);
INSERT INTO public.courses_course VALUES (6, 'Kotlin-разработчик', '', 'Описание курса для мобильной разработки', 4);
INSERT INTO public.courses_course VALUES (7, 'Kotlin-разработчик', '', 'Описание курса для мобильной разработки', 1);


--
-- Data for Name: courses_lesson; Type: TABLE DATA; Schema: public; Owner: postgres
--

INSERT INTO public.courses_lesson VALUES (1, 'русский', 'русский язык', 'lessons/previews/Снимок_экрана_от_2024-02-14_12-39-07.png', 'https://www.youtube.com/watch?v=Gp4yiYYSyXo&ab_channel=ArnKratos', 1, 1);
INSERT INTO public.courses_lesson VALUES (2, 'математика', 'урок математики', 'lessons/previews/Снимок_экрана_от_2024-02-14_14-14-41.png', 'https://www.youtube.com/watch?v=Gp4yiYYSyXo&ab_channel=ArnKratos', 2, 1);


--
-- Data for Name: django_admin_log; Type: TABLE DATA; Schema: public; Owner: postgres
--

INSERT INTO public.django_admin_log VALUES (1, '2024-02-16 00:48:47.717+05', '1', 'Курс 1', 1, '[{"added": {}}]', 7, 1);
INSERT INTO public.django_admin_log VALUES (2, '2024-02-16 00:49:03.421+05', '2', 'Курс 2', 1, '[{"added": {}}]', 7, 1);
INSERT INTO public.django_admin_log VALUES (3, '2024-02-16 00:49:46.895+05', '1', 'русский', 1, '[{"added": {}}]', 8, 1);
INSERT INTO public.django_admin_log VALUES (4, '2024-02-16 00:50:08.49+05', '2', 'математика', 1, '[{"added": {}}]', 8, 1);
INSERT INTO public.django_admin_log VALUES (5, '2024-02-18 20:11:44.106+05', '1', 'Payment object (1)', 1, '[{"added": {}}]', 9, 1);
INSERT INTO public.django_admin_log VALUES (6, '2024-02-19 00:06:14.031+05', '2', 'Payment object (2)', 1, '[{"added": {}}]', 9, 1);
INSERT INTO public.django_admin_log VALUES (7, '2024-02-19 09:17:18.106+05', '2', 'Payment object (2)', 3, '', 9, 1);
INSERT INTO public.django_admin_log VALUES (8, '2024-02-19 09:18:21.919+05', '3', 'Payment object (3)', 1, '[{"added": {}}]', 9, 1);
INSERT INTO public.django_admin_log VALUES (9, '2024-02-19 09:18:41.606+05', '4', 'Payment object (4)', 1, '[{"added": {}}]', 9, 1);
INSERT INTO public.django_admin_log VALUES (10, '2024-02-22 14:47:14.752+05', '4', 'putilov.konstantin@gmail.com', 1, '[{"added": {}}]', 6, 1);
INSERT INTO public.django_admin_log VALUES (11, '2024-02-22 14:49:30.668+05', '4', 'putilov.konstantin@gmail.com', 2, '[]', 6, 1);
INSERT INTO public.django_admin_log VALUES (12, '2024-02-22 14:49:47.47+05', '4', 'putilov.konstantin@gmail.com', 2, '[]', 6, 1);
INSERT INTO public.django_admin_log VALUES (13, '2024-02-22 15:00:45.97+05', '4', 'putilov.konstantin@gmail.com', 2, '[{"changed": {"fields": ["password"]}}]', 6, 1);
INSERT INTO public.django_admin_log VALUES (14, '2024-02-22 16:19:18.807+05', '1', 'managers', 1, '[{"added": {}}]', 3, 1);
INSERT INTO public.django_admin_log VALUES (15, '2024-02-22 16:19:44.574+05', '2', 'математика', 2, '[{"changed": {"fields": ["\u0410\u0432\u0442\u043e\u0440"]}}]', 8, 1);
INSERT INTO public.django_admin_log VALUES (16, '2024-02-22 16:19:47.887+05', '1', 'русский', 2, '[{"changed": {"fields": ["\u0410\u0432\u0442\u043e\u0440"]}}]', 8, 1);
INSERT INTO public.django_admin_log VALUES (17, '2024-02-23 01:57:43.38+05', '6', 'Kotlin-разработчик', 2, '[{"changed": {"fields": ["\u0410\u0432\u0442\u043e\u0440"]}}]', 7, 1);
INSERT INTO public.django_admin_log VALUES (18, '2024-02-23 01:57:48.821+05', '5', 'Java-разработчик', 2, '[{"changed": {"fields": ["\u0410\u0432\u0442\u043e\u0440"]}}]', 7, 1);
INSERT INTO public.django_admin_log VALUES (19, '2024-02-23 01:57:54.435+05', '4', 'Java-разработчик', 2, '[{"changed": {"fields": ["\u0410\u0432\u0442\u043e\u0440"]}}]', 7, 1);


--
-- Data for Name: django_content_type; Type: TABLE DATA; Schema: public; Owner: postgres
--

INSERT INTO public.django_content_type VALUES (1, 'admin', 'logentry');
INSERT INTO public.django_content_type VALUES (2, 'auth', 'permission');
INSERT INTO public.django_content_type VALUES (3, 'auth', 'group');
INSERT INTO public.django_content_type VALUES (4, 'contenttypes', 'contenttype');
INSERT INTO public.django_content_type VALUES (5, 'sessions', 'session');
INSERT INTO public.django_content_type VALUES (6, 'users', 'user');
INSERT INTO public.django_content_type VALUES (7, 'courses', 'course');
INSERT INTO public.django_content_type VALUES (8, 'courses', 'lesson');
INSERT INTO public.django_content_type VALUES (9, 'payment', 'payment');
INSERT INTO public.django_content_type VALUES (10, 'subscription', 'coursesubscription');


--
-- Data for Name: django_migrations; Type: TABLE DATA; Schema: public; Owner: postgres
--

INSERT INTO public.django_migrations VALUES (1, 'contenttypes', '0001_initial', '2024-02-16 00:00:20.332249+05');
INSERT INTO public.django_migrations VALUES (2, 'contenttypes', '0002_remove_content_type_name', '2024-02-16 00:00:20.3371+05');
INSERT INTO public.django_migrations VALUES (3, 'auth', '0001_initial', '2024-02-16 00:00:20.365186+05');
INSERT INTO public.django_migrations VALUES (4, 'auth', '0002_alter_permission_name_max_length', '2024-02-16 00:00:20.368225+05');
INSERT INTO public.django_migrations VALUES (5, 'auth', '0003_alter_user_email_max_length', '2024-02-16 00:00:20.371244+05');
INSERT INTO public.django_migrations VALUES (6, 'auth', '0004_alter_user_username_opts', '2024-02-16 00:00:20.374221+05');
INSERT INTO public.django_migrations VALUES (7, 'auth', '0005_alter_user_last_login_null', '2024-02-16 00:00:20.37765+05');
INSERT INTO public.django_migrations VALUES (8, 'auth', '0006_require_contenttypes_0002', '2024-02-16 00:00:20.379156+05');
INSERT INTO public.django_migrations VALUES (9, 'auth', '0007_alter_validators_add_error_messages', '2024-02-16 00:00:20.38216+05');
INSERT INTO public.django_migrations VALUES (10, 'auth', '0008_alter_user_username_max_length', '2024-02-16 00:00:20.385039+05');
INSERT INTO public.django_migrations VALUES (11, 'auth', '0009_alter_user_last_name_max_length', '2024-02-16 00:00:20.388582+05');
INSERT INTO public.django_migrations VALUES (12, 'auth', '0010_alter_group_name_max_length', '2024-02-16 00:00:20.391812+05');
INSERT INTO public.django_migrations VALUES (13, 'auth', '0011_update_proxy_permissions', '2024-02-16 00:00:20.39479+05');
INSERT INTO public.django_migrations VALUES (14, 'auth', '0012_alter_user_first_name_max_length', '2024-02-16 00:00:20.397907+05');
INSERT INTO public.django_migrations VALUES (15, 'users', '0001_initial', '2024-02-16 00:00:20.432475+05');
INSERT INTO public.django_migrations VALUES (16, 'admin', '0001_initial', '2024-02-16 00:00:20.447639+05');
INSERT INTO public.django_migrations VALUES (17, 'admin', '0002_logentry_remove_auto_add', '2024-02-16 00:00:20.451852+05');
INSERT INTO public.django_migrations VALUES (18, 'admin', '0003_logentry_add_action_flag_choices', '2024-02-16 00:00:20.45576+05');
INSERT INTO public.django_migrations VALUES (19, 'courses', '0001_initial', '2024-02-16 00:00:20.471315+05');
INSERT INTO public.django_migrations VALUES (20, 'courses', '0002_initial', '2024-02-16 00:00:20.479151+05');
INSERT INTO public.django_migrations VALUES (21, 'sessions', '0001_initial', '2024-02-16 00:00:20.489469+05');
INSERT INTO public.django_migrations VALUES (22, 'payment', '0001_initial', '2024-02-18 20:06:26.028228+05');
INSERT INTO public.django_migrations VALUES (23, 'payment', '0002_alter_payment_content_type', '2024-02-19 01:16:17.53168+05');
INSERT INTO public.django_migrations VALUES (24, 'users', '0002_alter_user_phone_number', '2024-02-22 14:38:06.900633+05');
INSERT INTO public.django_migrations VALUES (25, 'courses', '0003_lesson_author', '2024-02-22 15:46:39.198226+05');
INSERT INTO public.django_migrations VALUES (26, 'payment', '0003_alter_payment_amount', '2024-02-22 16:21:13.647423+05');
INSERT INTO public.django_migrations VALUES (27, 'payment', '0004_alter_payment_amount', '2024-02-22 16:21:13.653158+05');
INSERT INTO public.django_migrations VALUES (28, 'courses', '0004_alter_course_preview_alter_lesson_preview', '2024-02-22 16:50:18.811673+05');
INSERT INTO public.django_migrations VALUES (29, 'subscription', '0001_initial', '2024-02-22 23:48:33.979287+05');
INSERT INTO public.django_migrations VALUES (30, 'payment', '0005_payment_is_confirmed', '2024-03-09 00:52:45.814426+05');


--
-- Data for Name: django_session; Type: TABLE DATA; Schema: public; Owner: postgres
--

INSERT INTO public.django_session VALUES ('8aur57039qkg99pu1jg0cxy7teqq0zmh', '.eJxVjDsOwyAQBe9CHaFdzMekTO8zIGAhOIlAMnYV5e4RkoukfTPz3sz5Yy_u6GlzK7ErQ3b53YKPz1QHoIev98Zjq_u2Bj4UftLOl0bpdTvdv4Piexk1JSKjtEkIE5iYTLAQrADIHrMAmeOMEMlqZdFLhZaUIMg6TkFJObPPF-p8N5k:1rdG8B:UH7QCfya4AiHxvjQs4pW8u8GgiGFFvN8U8Xq_aCx2v8', '2024-03-08 01:57:23.975+05');
INSERT INTO public.django_session VALUES ('jn4clhlq4ub1ojgbymvpuzuppv8v7xqq', '.eJxVjEEOwiAQRe_C2pCBIgWX7nsGMgyDVA0kpV0Z765NutDtf-_9lwi4rSVsnZcwJ3ERSpx-t4j04LqDdMd6a5JaXZc5yl2RB-1yaomf18P9OyjYy7cmA6NiD-Y8KHI2s8-sMZo4QAQHOYFi1KQMZ6e9YY8ONYxWD9YxJRbvD930N_c:1rahiD:LU0moQnQqPgh_B_xlMfgapijJiLsJfzYEwy1fT05f2k', '2024-03-01 00:48:01.688+05');
INSERT INTO public.django_session VALUES ('kyq4axqu5shwg4mq0rr16finxhb0rgl2', '.eJxVjEEOwiAQRe_C2pCBIgWX7nsGMgyDVA0kpV0Z765NutDtf-_9lwi4rSVsnZcwJ3ERSpx-t4j04LqDdMd6a5JaXZc5yl2RB-1yaomf18P9OyjYy7cmA6NiD-Y8KHI2s8-sMZo4QAQHOYFi1KQMZ6e9YY8ONYxWD9YxJRbvD930N_c:1rbv5Z:9xkpb_Oi5rzYu5Ao8CPP1cnSxKVSZq42ywVAeNjq7Go', '2024-03-04 09:17:09.204+05');
INSERT INTO public.django_session VALUES ('t527da5qf1o4d0dlz7nakbtn4ks1hanl', '.eJxVjDsOwyAQBe9CHaFdzMekTO8zIGAhOIlAMnYV5e4RkoukfTPz3sz5Yy_u6GlzK7ErQ3b53YKPz1QHoIev98Zjq_u2Bj4UftLOl0bpdTvdv4Piexk1JSKjtEkIE5iYTLAQrADIHrMAmeOMEMlqZdFLhZaUIMg6TkFJObPPF-p8N5k:1ridNw:nY5rxmFeuth_h83-J3edM0t9lA1AauHzE0Wx2XNa_Rc', '2024-03-22 21:47:52.467259+05');
INSERT INTO public.django_session VALUES ('hsd9qvrlclzs6nt7r2ruvd9wj33mb2bk', '.eJxVjDsOwyAQBe9CHaFdzMekTO8zIGAhOIlAMnYV5e4RkoukfTPz3sz5Yy_u6GlzK7ErQ3b53YKPz1QHoIev98Zjq_u2Bj4UftLOl0bpdTvdv4Piexk1JSKjtEkIE5iYTLAQrADIHrMAmeOMEMlqZdFLhZaUIMg6TkFJObPPF-p8N5k:1rifkZ:_AohvENGXQxUaeMYImBVUFGT8T4weuFlQI3mDIWX55U', '2024-03-23 00:19:23.165167+05');


--
-- Data for Name: payment_payment; Type: TABLE DATA; Schema: public; Owner: postgres
--

INSERT INTO public.payment_payment VALUES (1, '2024-02-18', 2, 250.25, 'non_cash', 7, 9, 1, false);
INSERT INTO public.payment_payment VALUES (3, '2024-02-19', 2, 2300.70, 'cash', 8, 9, 1, false);
INSERT INTO public.payment_payment VALUES (4, '2024-02-19', 1, 1500.00, 'cash', 8, 9, 1, false);
INSERT INTO public.payment_payment VALUES (5, '2024-03-08', 1, 85902.00, 'non_cash', 8, 9, 1, false);
INSERT INTO public.payment_payment VALUES (6, '2024-03-08', 1, 85902.00, 'non_cash', 8, 9, 1, false);
INSERT INTO public.payment_payment VALUES (7, '2024-03-08', 1, 85902.00, 'non_cash', 8, 9, 1, false);
INSERT INTO public.payment_payment VALUES (8, '2024-03-08', 1, 85902.00, 'non_cash', 8, 9, 1, false);
INSERT INTO public.payment_payment VALUES (9, '2024-03-08', 1, 85902.00, 'non_cash', 8, 9, 1, false);
INSERT INTO public.payment_payment VALUES (10, '2024-03-08', 1, 85902.00, 'non_cash', 8, 9, 1, false);
INSERT INTO public.payment_payment VALUES (11, '2024-03-08', 1, 85902.00, 'non_cash', 8, 9, 1, false);
INSERT INTO public.payment_payment VALUES (12, '2024-03-08', 1, 85902.00, 'non_cash', 8, 9, 1, false);
INSERT INTO public.payment_payment VALUES (13, '2024-03-10', 1, 2184.42, 'non_cash', 7, 9, 1, false);
INSERT INTO public.payment_payment VALUES (14, '2024-03-10', 1, 2184.42, 'non_cash', 7, 9, 1, false);
INSERT INTO public.payment_payment VALUES (15, '2024-03-10', 1, 2184.42, 'non_cash', 7, 9, 1, false);
INSERT INTO public.payment_payment VALUES (16, '2024-03-10', 1, 2184.42, 'non_cash', 7, 9, 1, false);
INSERT INTO public.payment_payment VALUES (17, '2024-03-10', 1, 2184.42, 'non_cash', 7, 9, 1, false);


--
-- Data for Name: subscription_coursesubscription; Type: TABLE DATA; Schema: public; Owner: postgres
--

INSERT INTO public.subscription_coursesubscription VALUES (2, true, NULL, 2, 1);
INSERT INTO public.subscription_coursesubscription VALUES (4, true, '2024-03-08', 1, 1);


--
-- Data for Name: users_user; Type: TABLE DATA; Schema: public; Owner: postgres
--

INSERT INTO public.users_user VALUES (3, 'pbkdf2_sha256$600000$GjGnHwKD6xg7Sch6tJBCYr$HH6ZvWqc09gzEFy0cvwJMmi6KA6K/1vSBSguZhsGWfA=', NULL, true, '', '', true, true, '2024-02-22 14:38:29.494+05', 'root2@root.com', NULL, '', '');
INSERT INTO public.users_user VALUES (4, 'pbkdf2_sha256$600000$cR75FybNccARBEgDqly3FV$Gnak5ywoHwxCnbZClev9IJIZdVMkBU5SfTnLSGxVQxk=', NULL, false, 'Константин', 'Путилов', false, true, '2024-02-22 14:46:46+05', 'putilov.konstantin@gmail.com', '+79827433818', 'Екатеринбург', '');
INSERT INTO public.users_user VALUES (5, 'pbkdf2_sha256$600000$kCj6Iusl6p6td7czBgL8uJ$JAlD+XX5uA7NmvTINrKoD/dNb1rduPagFAy+lYWf4vM=', NULL, false, '', '', false, true, '2024-02-22 15:34:05.361+05', 'putilov.constantine@yandex.ru', NULL, '', '');
INSERT INTO public.users_user VALUES (1, 'pbkdf2_sha256$600000$AQFbGYBDmacEGxFOeiR0wf$nuZxJB2mcBXKSd1dPJJQFi8RcUvZ47hNFa3HxTULydI=', '2024-03-09 00:19:23.163639+05', true, '', '', true, true, '2024-02-16 00:47:30.543+05', 'root@root.com', '', '', '');


--
-- Data for Name: users_user_groups; Type: TABLE DATA; Schema: public; Owner: postgres
--



--
-- Data for Name: users_user_user_permissions; Type: TABLE DATA; Schema: public; Owner: postgres
--



--
-- Name: auth_group_id_seq; Type: SEQUENCE SET; Schema: public; Owner: postgres
--

SELECT pg_catalog.setval('public.auth_group_id_seq', 1, true);


--
-- Name: auth_group_permissions_id_seq; Type: SEQUENCE SET; Schema: public; Owner: postgres
--

SELECT pg_catalog.setval('public.auth_group_permissions_id_seq', 6, true);


--
-- Name: auth_permission_id_seq; Type: SEQUENCE SET; Schema: public; Owner: postgres
--

SELECT pg_catalog.setval('public.auth_permission_id_seq', 40, true);


--
-- Name: courses_course_id_seq; Type: SEQUENCE SET; Schema: public; Owner: postgres
--

SELECT pg_catalog.setval('public.courses_course_id_seq', 7, true);


--
-- Name: courses_lesson_id_seq; Type: SEQUENCE SET; Schema: public; Owner: postgres
--

SELECT pg_catalog.setval('public.courses_lesson_id_seq', 2, true);


--
-- Name: django_admin_log_id_seq; Type: SEQUENCE SET; Schema: public; Owner: postgres
--

SELECT pg_catalog.setval('public.django_admin_log_id_seq', 19, true);


--
-- Name: django_content_type_id_seq; Type: SEQUENCE SET; Schema: public; Owner: postgres
--

SELECT pg_catalog.setval('public.django_content_type_id_seq', 10, true);


--
-- Name: django_migrations_id_seq; Type: SEQUENCE SET; Schema: public; Owner: postgres
--

SELECT pg_catalog.setval('public.django_migrations_id_seq', 30, true);


--
-- Name: payment_payment_id_seq; Type: SEQUENCE SET; Schema: public; Owner: postgres
--

SELECT pg_catalog.setval('public.payment_payment_id_seq', 17, true);


--
-- Name: subscription_coursesubscription_id_seq; Type: SEQUENCE SET; Schema: public; Owner: postgres
--

SELECT pg_catalog.setval('public.subscription_coursesubscription_id_seq', 4, true);


--
-- Name: users_user_groups_id_seq; Type: SEQUENCE SET; Schema: public; Owner: postgres
--

SELECT pg_catalog.setval('public.users_user_groups_id_seq', 1, false);


--
-- Name: users_user_id_seq; Type: SEQUENCE SET; Schema: public; Owner: postgres
--

SELECT pg_catalog.setval('public.users_user_id_seq', 5, true);


--
-- Name: users_user_user_permissions_id_seq; Type: SEQUENCE SET; Schema: public; Owner: postgres
--

SELECT pg_catalog.setval('public.users_user_user_permissions_id_seq', 1, false);


--
-- Name: auth_group auth_group_name_key; Type: CONSTRAINT; Schema: public; Owner: postgres
--

ALTER TABLE ONLY public.auth_group
    ADD CONSTRAINT auth_group_name_key UNIQUE (name);


--
-- Name: auth_group_permissions auth_group_permissions_group_id_permission_id_0cd325b0_uniq; Type: CONSTRAINT; Schema: public; Owner: postgres
--

ALTER TABLE ONLY public.auth_group_permissions
    ADD CONSTRAINT auth_group_permissions_group_id_permission_id_0cd325b0_uniq UNIQUE (group_id, permission_id);


--
-- Name: auth_group_permissions auth_group_permissions_pkey; Type: CONSTRAINT; Schema: public; Owner: postgres
--

ALTER TABLE ONLY public.auth_group_permissions
    ADD CONSTRAINT auth_group_permissions_pkey PRIMARY KEY (id);


--
-- Name: auth_group auth_group_pkey; Type: CONSTRAINT; Schema: public; Owner: postgres
--

ALTER TABLE ONLY public.auth_group
    ADD CONSTRAINT auth_group_pkey PRIMARY KEY (id);


--
-- Name: auth_permission auth_permission_content_type_id_codename_01ab375a_uniq; Type: CONSTRAINT; Schema: public; Owner: postgres
--

ALTER TABLE ONLY public.auth_permission
    ADD CONSTRAINT auth_permission_content_type_id_codename_01ab375a_uniq UNIQUE (content_type_id, codename);


--
-- Name: auth_permission auth_permission_pkey; Type: CONSTRAINT; Schema: public; Owner: postgres
--

ALTER TABLE ONLY public.auth_permission
    ADD CONSTRAINT auth_permission_pkey PRIMARY KEY (id);


--
-- Name: courses_course courses_course_pkey; Type: CONSTRAINT; Schema: public; Owner: postgres
--

ALTER TABLE ONLY public.courses_course
    ADD CONSTRAINT courses_course_pkey PRIMARY KEY (id);


--
-- Name: courses_lesson courses_lesson_pkey; Type: CONSTRAINT; Schema: public; Owner: postgres
--

ALTER TABLE ONLY public.courses_lesson
    ADD CONSTRAINT courses_lesson_pkey PRIMARY KEY (id);


--
-- Name: django_admin_log django_admin_log_pkey; Type: CONSTRAINT; Schema: public; Owner: postgres
--

ALTER TABLE ONLY public.django_admin_log
    ADD CONSTRAINT django_admin_log_pkey PRIMARY KEY (id);


--
-- Name: django_content_type django_content_type_app_label_model_76bd3d3b_uniq; Type: CONSTRAINT; Schema: public; Owner: postgres
--

ALTER TABLE ONLY public.django_content_type
    ADD CONSTRAINT django_content_type_app_label_model_76bd3d3b_uniq UNIQUE (app_label, model);


--
-- Name: django_content_type django_content_type_pkey; Type: CONSTRAINT; Schema: public; Owner: postgres
--

ALTER TABLE ONLY public.django_content_type
    ADD CONSTRAINT django_content_type_pkey PRIMARY KEY (id);


--
-- Name: django_migrations django_migrations_pkey; Type: CONSTRAINT; Schema: public; Owner: postgres
--

ALTER TABLE ONLY public.django_migrations
    ADD CONSTRAINT django_migrations_pkey PRIMARY KEY (id);


--
-- Name: django_session django_session_pkey; Type: CONSTRAINT; Schema: public; Owner: postgres
--

ALTER TABLE ONLY public.django_session
    ADD CONSTRAINT django_session_pkey PRIMARY KEY (session_key);


--
-- Name: payment_payment payment_payment_pkey; Type: CONSTRAINT; Schema: public; Owner: postgres
--

ALTER TABLE ONLY public.payment_payment
    ADD CONSTRAINT payment_payment_pkey PRIMARY KEY (id);


--
-- Name: subscription_coursesubscription subscription_coursesubscription_pkey; Type: CONSTRAINT; Schema: public; Owner: postgres
--

ALTER TABLE ONLY public.subscription_coursesubscription
    ADD CONSTRAINT subscription_coursesubscription_pkey PRIMARY KEY (id);


--
-- Name: users_user users_user_email_key; Type: CONSTRAINT; Schema: public; Owner: postgres
--

ALTER TABLE ONLY public.users_user
    ADD CONSTRAINT users_user_email_key UNIQUE (email);


--
-- Name: users_user_groups users_user_groups_pkey; Type: CONSTRAINT; Schema: public; Owner: postgres
--

ALTER TABLE ONLY public.users_user_groups
    ADD CONSTRAINT users_user_groups_pkey PRIMARY KEY (id);


--
-- Name: users_user_groups users_user_groups_user_id_group_id_b88eab82_uniq; Type: CONSTRAINT; Schema: public; Owner: postgres
--

ALTER TABLE ONLY public.users_user_groups
    ADD CONSTRAINT users_user_groups_user_id_group_id_b88eab82_uniq UNIQUE (user_id, group_id);


--
-- Name: users_user users_user_pkey; Type: CONSTRAINT; Schema: public; Owner: postgres
--

ALTER TABLE ONLY public.users_user
    ADD CONSTRAINT users_user_pkey PRIMARY KEY (id);


--
-- Name: users_user_user_permissions users_user_user_permissions_pkey; Type: CONSTRAINT; Schema: public; Owner: postgres
--

ALTER TABLE ONLY public.users_user_user_permissions
    ADD CONSTRAINT users_user_user_permissions_pkey PRIMARY KEY (id);


--
-- Name: users_user_user_permissions users_user_user_permissions_user_id_permission_id_43338c45_uniq; Type: CONSTRAINT; Schema: public; Owner: postgres
--

ALTER TABLE ONLY public.users_user_user_permissions
    ADD CONSTRAINT users_user_user_permissions_user_id_permission_id_43338c45_uniq UNIQUE (user_id, permission_id);


--
-- Name: auth_group_name_a6ea08ec_like; Type: INDEX; Schema: public; Owner: postgres
--

CREATE INDEX auth_group_name_a6ea08ec_like ON public.auth_group USING btree (name varchar_pattern_ops);


--
-- Name: auth_group_permissions_group_id_b120cbf9; Type: INDEX; Schema: public; Owner: postgres
--

CREATE INDEX auth_group_permissions_group_id_b120cbf9 ON public.auth_group_permissions USING btree (group_id);


--
-- Name: auth_group_permissions_permission_id_84c5c92e; Type: INDEX; Schema: public; Owner: postgres
--

CREATE INDEX auth_group_permissions_permission_id_84c5c92e ON public.auth_group_permissions USING btree (permission_id);


--
-- Name: auth_permission_content_type_id_2f476e4b; Type: INDEX; Schema: public; Owner: postgres
--

CREATE INDEX auth_permission_content_type_id_2f476e4b ON public.auth_permission USING btree (content_type_id);


--
-- Name: courses_course_author_id_9c5b6b34; Type: INDEX; Schema: public; Owner: postgres
--

CREATE INDEX courses_course_author_id_9c5b6b34 ON public.courses_course USING btree (author_id);


--
-- Name: courses_lesson_author_id_1f925f7e; Type: INDEX; Schema: public; Owner: postgres
--

CREATE INDEX courses_lesson_author_id_1f925f7e ON public.courses_lesson USING btree (author_id);


--
-- Name: courses_lesson_course_id_16bc4882; Type: INDEX; Schema: public; Owner: postgres
--

CREATE INDEX courses_lesson_course_id_16bc4882 ON public.courses_lesson USING btree (course_id);


--
-- Name: django_admin_log_content_type_id_c4bce8eb; Type: INDEX; Schema: public; Owner: postgres
--

CREATE INDEX django_admin_log_content_type_id_c4bce8eb ON public.django_admin_log USING btree (content_type_id);


--
-- Name: django_admin_log_user_id_c564eba6; Type: INDEX; Schema: public; Owner: postgres
--

CREATE INDEX django_admin_log_user_id_c564eba6 ON public.django_admin_log USING btree (user_id);


--
-- Name: django_session_expire_date_a5c62663; Type: INDEX; Schema: public; Owner: postgres
--

CREATE INDEX django_session_expire_date_a5c62663 ON public.django_session USING btree (expire_date);


--
-- Name: django_session_session_key_c0390e0f_like; Type: INDEX; Schema: public; Owner: postgres
--

CREATE INDEX django_session_session_key_c0390e0f_like ON public.django_session USING btree (session_key varchar_pattern_ops);


--
-- Name: payment_payment_content_type_id_d037c801; Type: INDEX; Schema: public; Owner: postgres
--

CREATE INDEX payment_payment_content_type_id_d037c801 ON public.payment_payment USING btree (content_type_id);


--
-- Name: payment_payment_polymorphic_ctype_id_3d5e71cd; Type: INDEX; Schema: public; Owner: postgres
--

CREATE INDEX payment_payment_polymorphic_ctype_id_3d5e71cd ON public.payment_payment USING btree (polymorphic_ctype_id);


--
-- Name: payment_payment_user_id_f428ca02; Type: INDEX; Schema: public; Owner: postgres
--

CREATE INDEX payment_payment_user_id_f428ca02 ON public.payment_payment USING btree (user_id);


--
-- Name: subscription_coursesubscription_course_id_c9a19cb8; Type: INDEX; Schema: public; Owner: postgres
--

CREATE INDEX subscription_coursesubscription_course_id_c9a19cb8 ON public.subscription_coursesubscription USING btree (course_id);


--
-- Name: subscription_coursesubscription_user_id_8b6abd0a; Type: INDEX; Schema: public; Owner: postgres
--

CREATE INDEX subscription_coursesubscription_user_id_8b6abd0a ON public.subscription_coursesubscription USING btree (user_id);


--
-- Name: users_user_email_243f6e77_like; Type: INDEX; Schema: public; Owner: postgres
--

CREATE INDEX users_user_email_243f6e77_like ON public.users_user USING btree (email varchar_pattern_ops);


--
-- Name: users_user_groups_group_id_9afc8d0e; Type: INDEX; Schema: public; Owner: postgres
--

CREATE INDEX users_user_groups_group_id_9afc8d0e ON public.users_user_groups USING btree (group_id);


--
-- Name: users_user_groups_user_id_5f6f5a90; Type: INDEX; Schema: public; Owner: postgres
--

CREATE INDEX users_user_groups_user_id_5f6f5a90 ON public.users_user_groups USING btree (user_id);


--
-- Name: users_user_user_permissions_permission_id_0b93982e; Type: INDEX; Schema: public; Owner: postgres
--

CREATE INDEX users_user_user_permissions_permission_id_0b93982e ON public.users_user_user_permissions USING btree (permission_id);


--
-- Name: users_user_user_permissions_user_id_20aca447; Type: INDEX; Schema: public; Owner: postgres
--

CREATE INDEX users_user_user_permissions_user_id_20aca447 ON public.users_user_user_permissions USING btree (user_id);


--
-- Name: auth_group_permissions auth_group_permissio_permission_id_84c5c92e_fk_auth_perm; Type: FK CONSTRAINT; Schema: public; Owner: postgres
--

ALTER TABLE ONLY public.auth_group_permissions
    ADD CONSTRAINT auth_group_permissio_permission_id_84c5c92e_fk_auth_perm FOREIGN KEY (permission_id) REFERENCES public.auth_permission(id) DEFERRABLE INITIALLY DEFERRED;


--
-- Name: auth_group_permissions auth_group_permissions_group_id_b120cbf9_fk_auth_group_id; Type: FK CONSTRAINT; Schema: public; Owner: postgres
--

ALTER TABLE ONLY public.auth_group_permissions
    ADD CONSTRAINT auth_group_permissions_group_id_b120cbf9_fk_auth_group_id FOREIGN KEY (group_id) REFERENCES public.auth_group(id) DEFERRABLE INITIALLY DEFERRED;


--
-- Name: auth_permission auth_permission_content_type_id_2f476e4b_fk_django_co; Type: FK CONSTRAINT; Schema: public; Owner: postgres
--

ALTER TABLE ONLY public.auth_permission
    ADD CONSTRAINT auth_permission_content_type_id_2f476e4b_fk_django_co FOREIGN KEY (content_type_id) REFERENCES public.django_content_type(id) DEFERRABLE INITIALLY DEFERRED;


--
-- Name: courses_course courses_course_author_id_9c5b6b34_fk_users_user_id; Type: FK CONSTRAINT; Schema: public; Owner: postgres
--

ALTER TABLE ONLY public.courses_course
    ADD CONSTRAINT courses_course_author_id_9c5b6b34_fk_users_user_id FOREIGN KEY (author_id) REFERENCES public.users_user(id) DEFERRABLE INITIALLY DEFERRED;


--
-- Name: courses_lesson courses_lesson_author_id_1f925f7e_fk_users_user_id; Type: FK CONSTRAINT; Schema: public; Owner: postgres
--

ALTER TABLE ONLY public.courses_lesson
    ADD CONSTRAINT courses_lesson_author_id_1f925f7e_fk_users_user_id FOREIGN KEY (author_id) REFERENCES public.users_user(id) DEFERRABLE INITIALLY DEFERRED;


--
-- Name: courses_lesson courses_lesson_course_id_16bc4882_fk_courses_course_id; Type: FK CONSTRAINT; Schema: public; Owner: postgres
--

ALTER TABLE ONLY public.courses_lesson
    ADD CONSTRAINT courses_lesson_course_id_16bc4882_fk_courses_course_id FOREIGN KEY (course_id) REFERENCES public.courses_course(id) DEFERRABLE INITIALLY DEFERRED;


--
-- Name: django_admin_log django_admin_log_content_type_id_c4bce8eb_fk_django_co; Type: FK CONSTRAINT; Schema: public; Owner: postgres
--

ALTER TABLE ONLY public.django_admin_log
    ADD CONSTRAINT django_admin_log_content_type_id_c4bce8eb_fk_django_co FOREIGN KEY (content_type_id) REFERENCES public.django_content_type(id) DEFERRABLE INITIALLY DEFERRED;


--
-- Name: django_admin_log django_admin_log_user_id_c564eba6_fk_users_user_id; Type: FK CONSTRAINT; Schema: public; Owner: postgres
--

ALTER TABLE ONLY public.django_admin_log
    ADD CONSTRAINT django_admin_log_user_id_c564eba6_fk_users_user_id FOREIGN KEY (user_id) REFERENCES public.users_user(id) DEFERRABLE INITIALLY DEFERRED;


--
-- Name: payment_payment payment_payment_content_type_id_d037c801_fk_django_co; Type: FK CONSTRAINT; Schema: public; Owner: postgres
--

ALTER TABLE ONLY public.payment_payment
    ADD CONSTRAINT payment_payment_content_type_id_d037c801_fk_django_co FOREIGN KEY (content_type_id) REFERENCES public.django_content_type(id) DEFERRABLE INITIALLY DEFERRED;


--
-- Name: payment_payment payment_payment_polymorphic_ctype_id_3d5e71cd_fk_django_co; Type: FK CONSTRAINT; Schema: public; Owner: postgres
--

ALTER TABLE ONLY public.payment_payment
    ADD CONSTRAINT payment_payment_polymorphic_ctype_id_3d5e71cd_fk_django_co FOREIGN KEY (polymorphic_ctype_id) REFERENCES public.django_content_type(id) DEFERRABLE INITIALLY DEFERRED;


--
-- Name: payment_payment payment_payment_user_id_f428ca02_fk_users_user_id; Type: FK CONSTRAINT; Schema: public; Owner: postgres
--

ALTER TABLE ONLY public.payment_payment
    ADD CONSTRAINT payment_payment_user_id_f428ca02_fk_users_user_id FOREIGN KEY (user_id) REFERENCES public.users_user(id) DEFERRABLE INITIALLY DEFERRED;


--
-- Name: subscription_coursesubscription subscription_courses_course_id_c9a19cb8_fk_courses_c; Type: FK CONSTRAINT; Schema: public; Owner: postgres
--

ALTER TABLE ONLY public.subscription_coursesubscription
    ADD CONSTRAINT subscription_courses_course_id_c9a19cb8_fk_courses_c FOREIGN KEY (course_id) REFERENCES public.courses_course(id) DEFERRABLE INITIALLY DEFERRED;


--
-- Name: subscription_coursesubscription subscription_courses_user_id_8b6abd0a_fk_users_use; Type: FK CONSTRAINT; Schema: public; Owner: postgres
--

ALTER TABLE ONLY public.subscription_coursesubscription
    ADD CONSTRAINT subscription_courses_user_id_8b6abd0a_fk_users_use FOREIGN KEY (user_id) REFERENCES public.users_user(id) DEFERRABLE INITIALLY DEFERRED;


--
-- Name: users_user_groups users_user_groups_group_id_9afc8d0e_fk_auth_group_id; Type: FK CONSTRAINT; Schema: public; Owner: postgres
--

ALTER TABLE ONLY public.users_user_groups
    ADD CONSTRAINT users_user_groups_group_id_9afc8d0e_fk_auth_group_id FOREIGN KEY (group_id) REFERENCES public.auth_group(id) DEFERRABLE INITIALLY DEFERRED;


--
-- Name: users_user_groups users_user_groups_user_id_5f6f5a90_fk_users_user_id; Type: FK CONSTRAINT; Schema: public; Owner: postgres
--

ALTER TABLE ONLY public.users_user_groups
    ADD CONSTRAINT users_user_groups_user_id_5f6f5a90_fk_users_user_id FOREIGN KEY (user_id) REFERENCES public.users_user(id) DEFERRABLE INITIALLY DEFERRED;


--
-- Name: users_user_user_permissions users_user_user_perm_permission_id_0b93982e_fk_auth_perm; Type: FK CONSTRAINT; Schema: public; Owner: postgres
--

ALTER TABLE ONLY public.users_user_user_permissions
    ADD CONSTRAINT users_user_user_perm_permission_id_0b93982e_fk_auth_perm FOREIGN KEY (permission_id) REFERENCES public.auth_permission(id) DEFERRABLE INITIALLY DEFERRED;


--
-- Name: users_user_user_permissions users_user_user_permissions_user_id_20aca447_fk_users_user_id; Type: FK CONSTRAINT; Schema: public; Owner: postgres
--

ALTER TABLE ONLY public.users_user_user_permissions
    ADD CONSTRAINT users_user_user_permissions_user_id_20aca447_fk_users_user_id FOREIGN KEY (user_id) REFERENCES public.users_user(id) DEFERRABLE INITIALLY DEFERRED;


--
-- PostgreSQL database dump complete
--

